{
  "project_info": {
    "project_number": "450011500604",
    "firebase_url": "https://exbook-9753e-default-rtdb.europe-west1.firebasedatabase.app",
    "project_id": "exbook-9753e",
    "storage_bucket": "exbook-9753e.appspot.com"
  },
  "client": [
    {
      "client_info": {
        "mobilesdk_app_id": "1:450011500604:android:278119c6af0c9b86bbb339",
        "android_client_info": {
          "package_name": "com.example.mobileappscourse"
        }
      },
      "oauth_client": [
        {
          "client_id": "450011500604-gnvhsgp5mqfiqmrtq56rq5g7lgkcagj0.apps.googleusercontent.com",
          "client_type": 3
        }
      ],
      "api_key": [
        {
          "current_key": "AIzaSyAFVOjWixOK8MFPK5qw4soxKPetBND6SSQ"
        }
      ],
      "services": {
        "appinvite_service": {
          "other_platform_oauth_client": [
            {
              "client_id": "450011500604-gnvhsgp5mqfiqmrtq56rq5g7lgkcagj0.apps.googleusercontent.com",
              "client_type": 3
            }
          ]
        }
      }
    }
  ],
  "configuration_version": "1"
}